Sector,Average Daily Return,Volatility (Std Dev),Best Stock,Worst Stock
Finance,0.0011835336219174623,0.00974756204785006,NAB.AX,CBA.AX
Healthcare,-7.619272799731569e-05,0.014578417516891611,COH.AX,SHL.AX
Mining,0.0008532229464300776,0.015928073616350215,FMG.AX,BHP.AX
Retail,0.000545558449806804,0.011190312462810388,JBH.AX,WOW.AX
Technology,-0.00020730657616221905,0.03169594799720023,WTC.AX,APX.AX
